Workbook

Sheet Diagnóstico
B1: OlgaDev.com · Curso IA para emprendedores · Clase 1
B2: olgadev.com · abrir la web
B3: Para usarla en tu negocio, todas las veces que quieras. No para revenderla ni redistribuirla.
A4: Diagnóstico de tareas · Clase 1 — Nuevo mapa de la IA
A5: Escribe las tareas que hoy resuelves a mano y podrías delegar. Rellena las columnas blancas; las moradas se calculan solas.
A6: Tarea | B6: Horas/semana | C6: ¿Qué te frena? | D6: Tipo de solución | E6: Prioridad (1-5) | F6: Horas recuperables | G6: Valoración
F7: =IF(OR($B7="",$D7=""),"",ROUND($B7*IFERROR(VLOOKUP($D7,Reglas!$A$7:$B$9,2,FALSE),0),1)) | G7: =IF($F7="","",IF($F7>=Reglas!$B$13,"Fuga grande",IF($F7>=Reglas!$B$14,"Fuga media","Fuga pequeña")))
F8: =IF(OR($B8="",$D8=""),"",ROUND($B8*IFERROR(VLOOKUP($D8,Reglas!$A$7:$B$9,2,FALSE),0),1)) | G8: =IF($F8="","",IF($F8>=Reglas!$B$13,"Fuga grande",IF($F8>=Reglas!$B$14,"Fuga media","Fuga pequeña")))
F9: =IF(OR($B9="",$D9=""),"",ROUND($B9*IFERROR(VLOOKUP($D9,Reglas!$A$7:$B$9,2,FALSE),0),1)) | G9: =IF($F9="","",IF($F9>=Reglas!$B$13,"Fuga grande",IF($F9>=Reglas!$B$14,"Fuga media","Fuga pequeña")))
F10: =IF(OR($B10="",$D10=""),"",ROUND($B10*IFERROR(VLOOKUP($D10,Reglas!$A$7:$B$9,2,FALSE),0),1)) | G10: =IF($F10="","",IF($F10>=Reglas!$B$13,"Fuga grande",IF($F10>=Reglas!$B$14,"Fuga media","Fuga pequeña")))
F11: =IF(OR($B11="",$D11=""),"",ROUND($B11*IFERROR(VLOOKUP($D11,Reglas!$A$7:$B$9,2,FALSE),0),1)) | G11: =IF($F11="","",IF($F11>=Reglas!$B$13,"Fuga grande",IF($F11>=Reglas!$B$14,"Fuga media","Fuga pequeña")))
F12: =IF(OR($B12="",$D12=""),"",ROUND($B12*IFERROR(VLOOKUP($D12,Reglas!$A$7:$B$9,2,FALSE),0),1)) | G12: =IF($F12="","",IF($F12>=Reglas!$B$13,"Fuga grande",IF($F12>=Reglas!$B$14,"Fuga media","Fuga pequeña")))
F13: =IF(OR($B13="",$D13=""),"",ROUND($B13*IFERROR(VLOOKUP($D13,Reglas!$A$7:$B$9,2,FALSE),0),1)) | G13: =IF($F13="","",IF($F13>=Reglas!$B$13,"Fuga grande",IF($F13>=Reglas!$B$14,"Fuga media","Fuga pequeña")))
F14: =IF(OR($B14="",$D14=""),"",ROUND($B14*IFERROR(VLOOKUP($D14,Reglas!$A$7:$B$9,2,FALSE),0),1)) | G14: =IF($F14="","",IF($F14>=Reglas!$B$13,"Fuga grande",IF($F14>=Reglas!$B$14,"Fuga media","Fuga pequeña")))
F15: =IF(OR($B15="",$D15=""),"",ROUND($B15*IFERROR(VLOOKUP($D15,Reglas!$A$7:$B$9,2,FALSE),0),1)) | G15: =IF($F15="","",IF($F15>=Reglas!$B$13,"Fuga grande",IF($F15>=Reglas!$B$14,"Fuga media","Fuga pequeña")))
F16: =IF(OR($B16="",$D16=""),"",ROUND($B16*IFERROR(VLOOKUP($D16,Reglas!$A$7:$B$9,2,FALSE),0),1)) | G16: =IF($F16="","",IF($F16>=Reglas!$B$13,"Fuga grande",IF($F16>=Reglas!$B$14,"Fuga media","Fuga pequeña")))
A17: TOTAL | B17: =ROUND(SUM(B7:B16),1) | F17: =ROUND(SUM(F7:F16),1) | G17: =IF($F17=0,"",IF($F17>=Reglas!$B$16,"Fuga grande",IF($F17>=Reglas!$B$17,"Fuga media","Fuga pequeña")))
A19: Al mes son unas «total × 4,3» horas. Es una estimación con reglas fijas, no una promesa.
A21: OlgaDev.com — olgadev.com

Sheet Reglas
B1: OlgaDev.com · Curso IA para emprendedores · Clase 1
B2: olgadev.com · abrir la web
B3: Para usarla en tu negocio, todas las veces que quieras. No para revenderla ni redistribuirla.
A4: Las reglas, a la vista
A5: Aquí no hay magia ni IA: son cuatro números fijos. Cámbialos si tu caso es distinto.
A6: Tipo de solución | B6: Factor | C6: Por qué
A7: Asistente | B7: 0.5 | C7: Te acompaña y va mucho más rápido, pero sigues tú al mando: recuperas la mitad.
A8: Automatización | B8: 0.85 | C8: Corre sola salvo una revisión de vez en cuando: recuperas casi todo.
A9: Agente | B9: 0.7 | C9: Decide y ejecuta, pero un agente SIEMPRE lleva supervisión humana (Clase 4).
A11: Umbrales de color
A12: POR TAREA (horas recuperables)
A13: Rojo · Fuga grande, a partir de | B13: 4 | C13: Delega esto primero.
A14: Amarillo · Fuga media, a partir de | B14: 1.5 | C14: Segunda tanda.
A15: TOTAL (suma de todas las tareas)
A16: Rojo · Fuga grande, a partir de | B16: 6 | C16: El total suma varias tareas: escala propia.
A17: Amarillo · Fuga media, a partir de | B17: 2.5 | C17: Por debajo de aquí, verde.
A18: HORAS/SEMANA en bruto (columna B)
A19: Rojo, a partir de | B19: 5 | C19: Solo colorea el tamaño de la fuga, antes de delegar nada.
A20: Amarillo, a partir de | B20: 2
A22: Estas mismas reglas las aplica la app de olgadev.com y el correo que recibes: los tres cuentan lo mismo.
A24: OlgaDev.com — olgadev.com

Sheet Acerca de
B1: OlgaDev.com · Curso IA para emprendedores · Clase 1
B2: olgadev.com · abrir la web
B3: Para usarla en tu negocio, todas las veces que quieras. No para revenderla ni redistribuirla.
B5: Esta plantilla es tuya
B6: Es el material de la Clase 1 «Nuevo mapa de la IA», del curso «IA y Creación de Aplicaciones para Emprendedores y Autónomos» de OlgaDev.com.
B8: Cómo se usa
B9: En la hoja «Diagnóstico», escribe las tareas que hoy resuelves a mano. Di cuánto tiempo te llevan y qué te frena para soltarlas. Las columnas moradas se calculan solas: cuántas horas puedes recuperar y de qué color es cada fuga.
B11: En la hoja «Reglas» tienes los números por dentro, para que veas que no hay magia ni IA: cuatro factores y tres umbrales, y puedes cambiarlos si tu caso es distinto.
B13: Licencia de uso
B14: Para usarla en tu negocio, todas las veces que quieras. No para revenderla ni redistribuirla.
B15: Si te sirve, compártela mandando a la gente a olgadev.com y que se descargue la suya: así llega siempre la última versión.
B17: Un recado de Ada
... B23: olgadev.com · abrir la web
A25: OlgaDev.com — olgadev.com
